rank,uid,title,year,venue,url,problem_claimed,actual_mechanism,hidden_assumptions,variables_treated_as_fixed,failure_modes_ignored,what_it_makes_less_novel,what_it_leaves_open
1,doi:10.1177/16878140211004034,A hybrid control strategy for grinding and polishing robot based on adaptive impedance control,2021,Advances in Mechanical Engineering,https://doi.org/10.1177/16878140211004034,Addresses impedance control and robot foundation models or a neighboring robotics mechanism.,"Prior work usually predicts, ranks, filters, or imitates observed behavior rather than preserving unrealized branches.",The observed outcome is enough to supervise the model.,"Contact mode support, embodiment limits, and deployment perturbations.","Branch collapse, hidden-mode shift, and tail-risk planning failures.",Generic world models and generic uncertainty are crowded.,Adaptive impedance tokens keeps action-critical alternatives explicit until a physical observation collapses them.
2,doi:10.22214/ijraset.2026.79103,Adaptive Admittance-Impedance Switching Control for Safe Mobile Manipulation: A Door Opening Application with Predictive Anti-Slip Logic,2026,International Journal for Research in Applied Science and Engineering Technology,https://doi.org/10.22214/ijraset.2026.79103,Addresses impedance control and robot foundation models or a neighboring robotics mechanism.,"Prior work usually predicts, ranks, filters, or imitates observed behavior rather than preserving unrealized branches.",The observed outcome is enough to supervise the model.,"Contact mode support, embodiment limits, and deployment perturbations.","Branch collapse, hidden-mode shift, and tail-risk planning failures.",Generic world models and generic uncertainty are crowded.,Adaptive impedance tokens keeps action-critical alternatives explicit until a physical observation collapses them.
3,doi:10.1177/027836499701600107,Force Tracking in Impedance Control,1997,The International Journal of Robotics Research,https://doi.org/10.1177/027836499701600107,Addresses impedance control and robot foundation models or a neighboring robotics mechanism.,"Prior work usually predicts, ranks, filters, or imitates observed behavior rather than preserving unrealized branches.",The observed outcome is enough to supervise the model.,"Contact mode support, embodiment limits, and deployment perturbations.","Branch collapse, hidden-mode shift, and tail-risk planning failures.",Generic world models and generic uncertainty are crowded.,Adaptive impedance tokens keeps action-critical alternatives explicit until a physical observation collapses them.
4,doi:10.1108/ir-09-2019-0191,Smooth adaptive hybrid impedance control for robotic contact force tracking in dynamic environments,2020,Industrial Robot: the international journal of robotics research and application,https://doi.org/10.1108/ir-09-2019-0191,Addresses impedance control and robot foundation models or a neighboring robotics mechanism.,"Prior work usually predicts, ranks, filters, or imitates observed behavior rather than preserving unrealized branches.",The observed outcome is enough to supervise the model.,"Contact mode support, embodiment limits, and deployment perturbations.","Branch collapse, hidden-mode shift, and tail-risk planning failures.",Generic world models and generic uncertainty are crowded.,Adaptive impedance tokens keeps action-critical alternatives explicit until a physical observation collapses them.
5,doi:10.1115/dscc2015-9794,Stable Robust Adaptive Impedance Control of a Prosthetic Leg,2015,Volume 1: Adaptive and Intelligent Systems Control; Advances in Control Design Methods; Advances in Non-Linear and Optimal Control; Advances in Robotics; Advances in Wind Energy Systems; Aerospace Applications; Aerospace Power Optimization; Assistive Robotics; Automotive 2: Hybrid Electric Vehicles; Automotive 3: Internal Combustion Engines; Automotive Engine Control; Battery Management; Bio Engineering Applications; Biomed and Neural Systems; Connected Vehicles; Control of Robotic Systems,https://doi.org/10.1115/dscc2015-9794,Addresses impedance control and robot foundation models or a neighboring robotics mechanism.,"Prior work usually predicts, ranks, filters, or imitates observed behavior rather than preserving unrealized branches.",The observed outcome is enough to supervise the model.,"Contact mode support, embodiment limits, and deployment perturbations.","Branch collapse, hidden-mode shift, and tail-risk planning failures.",Generic world models and generic uncertainty are crowded.,Adaptive impedance tokens keeps action-critical alternatives explicit until a physical observation collapses them.
6,doi:10.1016/j.robot.2018.01.009,Adaptive variable impedance control for dynamic contact force tracking in uncertain environment,2018,Robotics and Autonomous Systems,https://doi.org/10.1016/j.robot.2018.01.009,Addresses impedance control and robot foundation models or a neighboring robotics mechanism.,"Prior work usually predicts, ranks, filters, or imitates observed behavior rather than preserving unrealized branches.",The observed outcome is enough to supervise the model.,"Contact mode support, embodiment limits, and deployment perturbations.","Branch collapse, hidden-mode shift, and tail-risk planning failures.",Generic world models and generic uncertainty are crowded.,Adaptive impedance tokens keeps action-critical alternatives explicit until a physical observation collapses them.
7,doi:10.1109/iros47612.2022.9981728,Passivity-Based Skill Motion Learning in Stiffness-Adaptive Unified Force-Impedance Control,2022,2022 IEEE/RSJ International Conference on Intelligent Robots and Systems (IROS),https://doi.org/10.1109/iros47612.2022.9981728,Addresses impedance control and robot foundation models or a neighboring robotics mechanism.,"Prior work usually predicts, ranks, filters, or imitates observed behavior rather than preserving unrealized branches.",The observed outcome is enough to supervise the model.,"Contact mode support, embodiment limits, and deployment perturbations.","Branch collapse, hidden-mode shift, and tail-risk planning failures.",Generic world models and generic uncertainty are crowded.,Adaptive impedance tokens keeps action-critical alternatives explicit until a physical observation collapses them.
8,doi:10.1115/dscc2020-3296,Adaptive Impedance Control for the Haptic Shared Driving Task Based on Nonlinear MPC,2020,Volume 1: Adaptive/Intelligent Sys. Control; Driver Assistance/Autonomous Tech.; Control Design Methods; Nonlinear Control; Robotics; Assistive/Rehabilitation Devices; Biomedical/Neural Systems; Building Energy Systems; Connected Vehicle Systems; Control/Estimation of Energy Systems; Control Apps.; Smart Buildings/Microgrids; Education; Human-Robot Systems; Soft Mechatronics/Robotic Components/Systems; Energy/Power Systems; Energy Storage; Estimation/Identification; Vehicle Efficiency/Emissions,https://doi.org/10.1115/dscc2020-3296,Addresses impedance control and robot foundation models or a neighboring robotics mechanism.,"Prior work usually predicts, ranks, filters, or imitates observed behavior rather than preserving unrealized branches.",The observed outcome is enough to supervise the model.,"Contact mode support, embodiment limits, and deployment perturbations.","Branch collapse, hidden-mode shift, and tail-risk planning failures.",Generic world models and generic uncertainty are crowded.,Adaptive impedance tokens keeps action-critical alternatives explicit until a physical observation collapses them.
9,doi:10.1109/lra.2021.3066974,Bilateral Teleoperation With Adaptive Impedance Control for Contact Tasks,2021,IEEE Robotics and Automation Letters,https://doi.org/10.1109/lra.2021.3066974,Addresses impedance control and robot foundation models or a neighboring robotics mechanism.,"Prior work usually predicts, ranks, filters, or imitates observed behavior rather than preserving unrealized branches.",The observed outcome is enough to supervise the model.,"Contact mode support, embodiment limits, and deployment perturbations.","Branch collapse, hidden-mode shift, and tail-risk planning failures.",Generic world models and generic uncertainty are crowded.,Adaptive impedance tokens keeps action-critical alternatives explicit until a physical observation collapses them.
10,doi:10.11591/eei.v14i4.9487,Adaptive fuzzy sliding-mode control for robot manipulator with uncertain model and external disturbance,2025,Bulletin of Electrical Engineering and Informatics,https://doi.org/10.11591/eei.v14i4.9487,Addresses impedance control and robot foundation models or a neighboring robotics mechanism.,"Prior work usually predicts, ranks, filters, or imitates observed behavior rather than preserving unrealized branches.",The observed outcome is enough to supervise the model.,"Contact mode support, embodiment limits, and deployment perturbations.","Branch collapse, hidden-mode shift, and tail-risk planning failures.",Generic world models and generic uncertainty are crowded.,Adaptive impedance tokens keeps action-critical alternatives explicit until a physical observation collapses them.
11,doi:10.1109/lra.2025.3568570,A Novel Robust Adaptive Impedance Control Scheme for Contact Force Tracking With Unknown Environment,2025,IEEE Robotics and Automation Letters,https://doi.org/10.1109/lra.2025.3568570,Addresses impedance control and robot foundation models or a neighboring robotics mechanism.,"Prior work usually predicts, ranks, filters, or imitates observed behavior rather than preserving unrealized branches.",The observed outcome is enough to supervise the model.,"Contact mode support, embodiment limits, and deployment perturbations.","Branch collapse, hidden-mode shift, and tail-risk planning failures.",Generic world models and generic uncertainty are crowded.,Adaptive impedance tokens keeps action-critical alternatives explicit until a physical observation collapses them.
12,doi:10.1109/lra.2023.3302616,Nonlinear Subsystem-Based Adaptive Impedance Control of Physical Human-Robot-Environment Interaction in Contact-Rich Tasks,2023,IEEE Robotics and Automation Letters,https://doi.org/10.1109/lra.2023.3302616,Addresses impedance control and robot foundation models or a neighboring robotics mechanism.,"Prior work usually predicts, ranks, filters, or imitates observed behavior rather than preserving unrealized branches.",The observed outcome is enough to supervise the model.,"Contact mode support, embodiment limits, and deployment perturbations.","Branch collapse, hidden-mode shift, and tail-risk planning failures.",Generic world models and generic uncertainty are crowded.,Adaptive impedance tokens keeps action-critical alternatives explicit until a physical observation collapses them.
13,doi:10.3390/robotics10010032,Adaptive Position/Force Control of a Robotic Manipulator in Contact with a Flexible and Uncertain Environment,2021,Robotics,https://doi.org/10.3390/robotics10010032,Addresses impedance control and robot foundation models or a neighboring robotics mechanism.,"Prior work usually predicts, ranks, filters, or imitates observed behavior rather than preserving unrealized branches.",The observed outcome is enough to supervise the model.,"Contact mode support, embodiment limits, and deployment perturbations.","Branch collapse, hidden-mode shift, and tail-risk planning failures.",Generic world models and generic uncertainty are crowded.,Adaptive impedance tokens keeps action-critical alternatives explicit until a physical observation collapses them.
14,doi:10.1109/lra.2021.3139675,Unified Method for Task-Space Motion/Force/Impedance Control of Manipulator With Unknown Contact Reaction Strategy,2022,IEEE Robotics and Automation Letters,https://doi.org/10.1109/lra.2021.3139675,Addresses impedance control and robot foundation models or a neighboring robotics mechanism.,"Prior work usually predicts, ranks, filters, or imitates observed behavior rather than preserving unrealized branches.",The observed outcome is enough to supervise the model.,"Contact mode support, embodiment limits, and deployment perturbations.","Branch collapse, hidden-mode shift, and tail-risk planning failures.",Generic world models and generic uncertainty are crowded.,Adaptive impedance tokens keeps action-critical alternatives explicit until a physical observation collapses them.
15,doi:10.1109/icra48506.2021.9561886,Adaptive stiffness estimation impedance control for achieving sustained contact in aerial manipulation,2021,2021 IEEE International Conference on Robotics and Automation (ICRA),https://doi.org/10.1109/icra48506.2021.9561886,Addresses impedance control and robot foundation models or a neighboring robotics mechanism.,"Prior work usually predicts, ranks, filters, or imitates observed behavior rather than preserving unrealized branches.",The observed outcome is enough to supervise the model.,"Contact mode support, embodiment limits, and deployment perturbations.","Branch collapse, hidden-mode shift, and tail-risk planning failures.",Generic world models and generic uncertainty are crowded.,Adaptive impedance tokens keeps action-critical alternatives explicit until a physical observation collapses them.
16,doi:10.1177/00202940231223104,The nonlinear model reference adaptive impedance control for underwater manipulator operation objects in bilateral teleoperation system,2024,Measurement and Control,https://doi.org/10.1177/00202940231223104,Addresses impedance control and robot foundation models or a neighboring robotics mechanism.,"Prior work usually predicts, ranks, filters, or imitates observed behavior rather than preserving unrealized branches.",The observed outcome is enough to supervise the model.,"Contact mode support, embodiment limits, and deployment perturbations.","Branch collapse, hidden-mode shift, and tail-risk planning failures.",Generic world models and generic uncertainty are crowded.,Adaptive impedance tokens keeps action-critical alternatives explicit until a physical observation collapses them.
17,doi:10.1109/rcar58764.2023.10249344,Improved Adaptive Variable Impedance Control for Contact Force Tracking,2023,2023 IEEE International Conference on Real-time Computing and Robotics (RCAR),https://doi.org/10.1109/rcar58764.2023.10249344,Addresses impedance control and robot foundation models or a neighboring robotics mechanism.,"Prior work usually predicts, ranks, filters, or imitates observed behavior rather than preserving unrealized branches.",The observed outcome is enough to supervise the model.,"Contact mode support, embodiment limits, and deployment perturbations.","Branch collapse, hidden-mode shift, and tail-risk planning failures.",Generic world models and generic uncertainty are crowded.,Adaptive impedance tokens keeps action-critical alternatives explicit until a physical observation collapses them.
18,doi:10.34133/cbsystems.0099,Impedance Sliding-Mode Control Based on Stiffness Scheduling for Rehabilitation Robot Systems,2024,Cyborg and Bionic Systems,https://doi.org/10.34133/cbsystems.0099,Addresses impedance control and robot foundation models or a neighboring robotics mechanism.,"Prior work usually predicts, ranks, filters, or imitates observed behavior rather than preserving unrealized branches.",The observed outcome is enough to supervise the model.,"Contact mode support, embodiment limits, and deployment perturbations.","Branch collapse, hidden-mode shift, and tail-risk planning failures.",Generic world models and generic uncertainty are crowded.,Adaptive impedance tokens keeps action-critical alternatives explicit until a physical observation collapses them.
19,doi:10.1109/tcst.2021.3107483,Impedance Learning-Based Adaptive Control for Human–Robot Interaction,2022,IEEE Transactions on Control Systems Technology,https://doi.org/10.1109/tcst.2021.3107483,Addresses impedance control and robot foundation models or a neighboring robotics mechanism.,"Prior work usually predicts, ranks, filters, or imitates observed behavior rather than preserving unrealized branches.",The observed outcome is enough to supervise the model.,"Contact mode support, embodiment limits, and deployment perturbations.","Branch collapse, hidden-mode shift, and tail-risk planning failures.",Generic world models and generic uncertainty are crowded.,Adaptive impedance tokens keeps action-critical alternatives explicit until a physical observation collapses them.
20,doi:10.1016/j.automatica.2022.110232,Adaptive hybrid impedance control for dual-arm cooperative manipulation with object uncertainties,2022,Automatica,https://doi.org/10.1016/j.automatica.2022.110232,Addresses impedance control and robot foundation models or a neighboring robotics mechanism.,"Prior work usually predicts, ranks, filters, or imitates observed behavior rather than preserving unrealized branches.",The observed outcome is enough to supervise the model.,"Contact mode support, embodiment limits, and deployment perturbations.","Branch collapse, hidden-mode shift, and tail-risk planning failures.",Generic world models and generic uncertainty are crowded.,Adaptive impedance tokens keeps action-critical alternatives explicit until a physical observation collapses them.
21,doi:10.1016/j.rcim.2018.05.003,Adaptive robust control and admittance control for contact-driven robotic surface conditioning,2018,Robotics and Computer-Integrated Manufacturing,https://doi.org/10.1016/j.rcim.2018.05.003,Addresses impedance control and robot foundation models or a neighboring robotics mechanism.,"Prior work usually predicts, ranks, filters, or imitates observed behavior rather than preserving unrealized branches.",The observed outcome is enough to supervise the model.,"Contact mode support, embodiment limits, and deployment perturbations.","Branch collapse, hidden-mode shift, and tail-risk planning failures.",Generic world models and generic uncertainty are crowded.,Adaptive impedance tokens keeps action-critical alternatives explicit until a physical observation collapses them.
22,doi:10.1109/itnec52019.2021.9586992,Research on Contact Force Control of Grinding Robot based on Adaptive Impedance Control,2021,"2021 IEEE 5th Information Technology,Networking,Electronic and Automation Control Conference (ITNEC)",https://doi.org/10.1109/itnec52019.2021.9586992,Addresses impedance control and robot foundation models or a neighboring robotics mechanism.,"Prior work usually predicts, ranks, filters, or imitates observed behavior rather than preserving unrealized branches.",The observed outcome is enough to supervise the model.,"Contact mode support, embodiment limits, and deployment perturbations.","Branch collapse, hidden-mode shift, and tail-risk planning failures.",Generic world models and generic uncertainty are crowded.,Adaptive impedance tokens keeps action-critical alternatives explicit until a physical observation collapses them.
23,doi:10.20517/ir.2026.06,Model predictive tracking control based on adaptive sliding mode constraints for unmanned underwater vehicles,2026,Intelligence & Robotics,https://doi.org/10.20517/ir.2026.06,Addresses impedance control and robot foundation models or a neighboring robotics mechanism.,"Prior work usually predicts, ranks, filters, or imitates observed behavior rather than preserving unrealized branches.",The observed outcome is enough to supervise the model.,"Contact mode support, embodiment limits, and deployment perturbations.","Branch collapse, hidden-mode shift, and tail-risk planning failures.",Generic world models and generic uncertainty are crowded.,Adaptive impedance tokens keeps action-critical alternatives explicit until a physical observation collapses them.
24,doi:10.1109/icras52289.2021.9476431,Research on Robot Contact Force Control Based on Adaptive Impedance Control,2021,2021 5th International Conference on Robotics and Automation Sciences (ICRAS),https://doi.org/10.1109/icras52289.2021.9476431,Addresses impedance control and robot foundation models or a neighboring robotics mechanism.,"Prior work usually predicts, ranks, filters, or imitates observed behavior rather than preserving unrealized branches.",The observed outcome is enough to supervise the model.,"Contact mode support, embodiment limits, and deployment perturbations.","Branch collapse, hidden-mode shift, and tail-risk planning failures.",Generic world models and generic uncertainty are crowded.,Adaptive impedance tokens keeps action-critical alternatives explicit until a physical observation collapses them.
25,doi:10.1080/01691864.2025.2599949,On the contact dynamics and adaptive fuzzy sliding mode impedance control for 4-PS parallel mechanism with model uncertainties and external disturbances,2026,Advanced Robotics,https://doi.org/10.1080/01691864.2025.2599949,Addresses impedance control and robot foundation models or a neighboring robotics mechanism.,"Prior work usually predicts, ranks, filters, or imitates observed behavior rather than preserving unrealized branches.",The observed outcome is enough to supervise the model.,"Contact mode support, embodiment limits, and deployment perturbations.","Branch collapse, hidden-mode shift, and tail-risk planning failures.",Generic world models and generic uncertainty are crowded.,Adaptive impedance tokens keeps action-critical alternatives explicit until a physical observation collapses them.
26,doi:10.1016/j.robot.2026.105559,Kinematic analysis and optimized self-adaptive impedance control of a compliant underactuated gripper featuring contact-aided flexure hinges,2026,Robotics and Autonomous Systems,https://doi.org/10.1016/j.robot.2026.105559,Addresses impedance control and robot foundation models or a neighboring robotics mechanism.,"Prior work usually predicts, ranks, filters, or imitates observed behavior rather than preserving unrealized branches.",The observed outcome is enough to supervise the model.,"Contact mode support, embodiment limits, and deployment perturbations.","Branch collapse, hidden-mode shift, and tail-risk planning failures.",Generic world models and generic uncertainty are crowded.,Adaptive impedance tokens keeps action-critical alternatives explicit until a physical observation collapses them.
27,doi:10.1109/cis-ram61939.2024.10672647,Confidence-Driven Adaptive Optimal Impedance Control Base on Ultrasound Robot System,2024,"2024 IEEE International Conference on Cybernetics and Intelligent Systems (CIS) and IEEE International Conference on Robotics, Automation and Mechatronics (RAM)",https://doi.org/10.1109/cis-ram61939.2024.10672647,Addresses impedance control and robot foundation models or a neighboring robotics mechanism.,"Prior work usually predicts, ranks, filters, or imitates observed behavior rather than preserving unrealized branches.",The observed outcome is enough to supervise the model.,"Contact mode support, embodiment limits, and deployment perturbations.","Branch collapse, hidden-mode shift, and tail-risk planning failures.",Generic world models and generic uncertainty are crowded.,Adaptive impedance tokens keeps action-critical alternatives explicit until a physical observation collapses them.
28,doi:10.3390/electronics13193903,Robust Adaptive Sliding Mode Control Using Stochastic Gradient Descent for Robot Arm Manipulator Trajectory Tracking,2024,Electronics,https://doi.org/10.3390/electronics13193903,Addresses impedance control and robot foundation models or a neighboring robotics mechanism.,"Prior work usually predicts, ranks, filters, or imitates observed behavior rather than preserving unrealized branches.",The observed outcome is enough to supervise the model.,"Contact mode support, embodiment limits, and deployment perturbations.","Branch collapse, hidden-mode shift, and tail-risk planning failures.",Generic world models and generic uncertainty are crowded.,Adaptive impedance tokens keeps action-critical alternatives explicit until a physical observation collapses them.
29,doi:10.1108/ir-04-2014-0327,Active interaction control applied to a lower limb rehabilitation robot by using EMG recognition and impedance model,2014,Industrial Robot: An International Journal,https://doi.org/10.1108/ir-04-2014-0327,Addresses impedance control and robot foundation models or a neighboring robotics mechanism.,"Prior work usually predicts, ranks, filters, or imitates observed behavior rather than preserving unrealized branches.",The observed outcome is enough to supervise the model.,"Contact mode support, embodiment limits, and deployment perturbations.","Branch collapse, hidden-mode shift, and tail-risk planning failures.",Generic world models and generic uncertainty are crowded.,Adaptive impedance tokens keeps action-critical alternatives explicit until a physical observation collapses them.
30,doi:10.1109/tcyb.2018.2838573,Adaptive Fuzzy Control for Coordinated Multiple Robots With Constraint Using Impedance Learning,2019,IEEE Transactions on Cybernetics,https://doi.org/10.1109/tcyb.2018.2838573,Addresses impedance control and robot foundation models or a neighboring robotics mechanism.,"Prior work usually predicts, ranks, filters, or imitates observed behavior rather than preserving unrealized branches.",The observed outcome is enough to supervise the model.,"Contact mode support, embodiment limits, and deployment perturbations.","Branch collapse, hidden-mode shift, and tail-risk planning failures.",Generic world models and generic uncertainty are crowded.,Adaptive impedance tokens keeps action-critical alternatives explicit until a physical observation collapses them.
31,doi:10.1002/rob.22169,Position‐based force tracking adaptive impedance control strategy for robot grinding complex surfaces system,2023,Journal of Field Robotics,https://doi.org/10.1002/rob.22169,Addresses impedance control and robot foundation models or a neighboring robotics mechanism.,"Prior work usually predicts, ranks, filters, or imitates observed behavior rather than preserving unrealized branches.",The observed outcome is enough to supervise the model.,"Contact mode support, embodiment limits, and deployment perturbations.","Branch collapse, hidden-mode shift, and tail-risk planning failures.",Generic world models and generic uncertainty are crowded.,Adaptive impedance tokens keeps action-critical alternatives explicit until a physical observation collapses them.
32,doi:10.3390/app11062613,Composite Error-Based Intelligent Adaptive Sliding Mode Control for Uncertain Bilaterally Symmetrical Hybrid Robot with Variational Desired Trajectories,2021,Applied Sciences,https://doi.org/10.3390/app11062613,Addresses impedance control and robot foundation models or a neighboring robotics mechanism.,"Prior work usually predicts, ranks, filters, or imitates observed behavior rather than preserving unrealized branches.",The observed outcome is enough to supervise the model.,"Contact mode support, embodiment limits, and deployment perturbations.","Branch collapse, hidden-mode shift, and tail-risk planning failures.",Generic world models and generic uncertainty are crowded.,Adaptive impedance tokens keeps action-critical alternatives explicit until a physical observation collapses them.
33,doi:10.1016/j.ejcon.2022.100769,Neural adaptive with impedance learning control for uncertain cooperative multiple robot manipulators,2023,European Journal of Control,https://doi.org/10.1016/j.ejcon.2022.100769,Addresses impedance control and robot foundation models or a neighboring robotics mechanism.,"Prior work usually predicts, ranks, filters, or imitates observed behavior rather than preserving unrealized branches.",The observed outcome is enough to supervise the model.,"Contact mode support, embodiment limits, and deployment perturbations.","Branch collapse, hidden-mode shift, and tail-risk planning failures.",Generic world models and generic uncertainty are crowded.,Adaptive impedance tokens keeps action-critical alternatives explicit until a physical observation collapses them.
34,doi:10.5194/ms-13-559-2022,Varying rate adaptive hybrid position–impedance control for robot-assisted ultrasonic examination system,2022,Mechanical Sciences,https://doi.org/10.5194/ms-13-559-2022,Addresses impedance control and robot foundation models or a neighboring robotics mechanism.,"Prior work usually predicts, ranks, filters, or imitates observed behavior rather than preserving unrealized branches.",The observed outcome is enough to supervise the model.,"Contact mode support, embodiment limits, and deployment perturbations.","Branch collapse, hidden-mode shift, and tail-risk planning failures.",Generic world models and generic uncertainty are crowded.,Adaptive impedance tokens keeps action-critical alternatives explicit until a physical observation collapses them.
35,doi:10.1007/s11370-026-00720-7,Research on hierarchical quantitative impedance adaptive control method for human–robot collaborative systems in multi-task scenarios,2026,Intelligent Service Robotics,https://doi.org/10.1007/s11370-026-00720-7,Addresses impedance control and robot foundation models or a neighboring robotics mechanism.,"Prior work usually predicts, ranks, filters, or imitates observed behavior rather than preserving unrealized branches.",The observed outcome is enough to supervise the model.,"Contact mode support, embodiment limits, and deployment perturbations.","Branch collapse, hidden-mode shift, and tail-risk planning failures.",Generic world models and generic uncertainty are crowded.,Adaptive impedance tokens keeps action-critical alternatives explicit until a physical observation collapses them.
36,doi:10.1016/j.cogr.2025.11.001,Self-adaptive control of a two-point contact gripper for the precise handling of compliant objects in industrial robotics,2026,Cognitive Robotics,https://doi.org/10.1016/j.cogr.2025.11.001,Addresses impedance control and robot foundation models or a neighboring robotics mechanism.,"Prior work usually predicts, ranks, filters, or imitates observed behavior rather than preserving unrealized branches.",The observed outcome is enough to supervise the model.,"Contact mode support, embodiment limits, and deployment perturbations.","Branch collapse, hidden-mode shift, and tail-risk planning failures.",Generic world models and generic uncertainty are crowded.,Adaptive impedance tokens keeps action-critical alternatives explicit until a physical observation collapses them.
37,doi:10.1177/0037549711423127,Design of a virtual foundation for impedance control in a dual arm cooperative space robot,2012,SIMULATION,https://doi.org/10.1177/0037549711423127,Addresses impedance control and robot foundation models or a neighboring robotics mechanism.,"Prior work usually predicts, ranks, filters, or imitates observed behavior rather than preserving unrealized branches.",The observed outcome is enough to supervise the model.,"Contact mode support, embodiment limits, and deployment perturbations.","Branch collapse, hidden-mode shift, and tail-risk planning failures.",Generic world models and generic uncertainty are crowded.,Adaptive impedance tokens keeps action-critical alternatives explicit until a physical observation collapses them.
38,doi:10.3390/app10051635,Adaptive Cruise Control Based on Model Predictive Control with Constraints Softening,2020,Applied Sciences,https://doi.org/10.3390/app10051635,Addresses impedance control and robot foundation models or a neighboring robotics mechanism.,"Prior work usually predicts, ranks, filters, or imitates observed behavior rather than preserving unrealized branches.",The observed outcome is enough to supervise the model.,"Contact mode support, embodiment limits, and deployment perturbations.","Branch collapse, hidden-mode shift, and tail-risk planning failures.",Generic world models and generic uncertainty are crowded.,Adaptive impedance tokens keeps action-critical alternatives explicit until a physical observation collapses them.
39,doi:10.1002/oca.3097,Method for solving state‐path constrained optimal control problems using adaptive Radau collocation,2024,Optimal Control Applications and Methods,https://doi.org/10.1002/oca.3097,Addresses impedance control and robot foundation models or a neighboring robotics mechanism.,"Prior work usually predicts, ranks, filters, or imitates observed behavior rather than preserving unrealized branches.",The observed outcome is enough to supervise the model.,"Contact mode support, embodiment limits, and deployment perturbations.","Branch collapse, hidden-mode shift, and tail-risk planning failures.",Generic world models and generic uncertainty are crowded.,Adaptive impedance tokens keeps action-critical alternatives explicit until a physical observation collapses them.
40,doi:10.1139/tcsme-2024-0152,Research on compliant control strategy of grinding robot based on model adaptive impedance control,2025,Transactions of the Canadian Society for Mechanical Engineering,https://doi.org/10.1139/tcsme-2024-0152,Addresses impedance control and robot foundation models or a neighboring robotics mechanism.,"Prior work usually predicts, ranks, filters, or imitates observed behavior rather than preserving unrealized branches.",The observed outcome is enough to supervise the model.,"Contact mode support, embodiment limits, and deployment perturbations.","Branch collapse, hidden-mode shift, and tail-risk planning failures.",Generic world models and generic uncertainty are crowded.,Adaptive impedance tokens keeps action-critical alternatives explicit until a physical observation collapses them.
41,doi:10.1177/02783649251341907,Adaptive Koopman embedding for robust control of nonlinear dynamical systems,2025,The International Journal of Robotics Research,https://doi.org/10.1177/02783649251341907,Addresses impedance control and robot foundation models or a neighboring robotics mechanism.,"Prior work usually predicts, ranks, filters, or imitates observed behavior rather than preserving unrealized branches.",The observed outcome is enough to supervise the model.,"Contact mode support, embodiment limits, and deployment perturbations.","Branch collapse, hidden-mode shift, and tail-risk planning failures.",Generic world models and generic uncertainty are crowded.,Adaptive impedance tokens keeps action-critical alternatives explicit until a physical observation collapses them.
42,doi:10.1155/2020/4812657,Adaptive Variable Parameter Impedance Control for Apple Harvesting Robot Compliant Picking,2020,Complexity,https://doi.org/10.1155/2020/4812657,Addresses impedance control and robot foundation models or a neighboring robotics mechanism.,"Prior work usually predicts, ranks, filters, or imitates observed behavior rather than preserving unrealized branches.",The observed outcome is enough to supervise the model.,"Contact mode support, embodiment limits, and deployment perturbations.","Branch collapse, hidden-mode shift, and tail-risk planning failures.",Generic world models and generic uncertainty are crowded.,Adaptive impedance tokens keeps action-critical alternatives explicit until a physical observation collapses them.
43,doi:10.3390/app132111635,Dual PID Adaptive Variable Impedance Constant Force Control for Grinding Robot,2023,Applied Sciences,https://doi.org/10.3390/app132111635,Addresses impedance control and robot foundation models or a neighboring robotics mechanism.,"Prior work usually predicts, ranks, filters, or imitates observed behavior rather than preserving unrealized branches.",The observed outcome is enough to supervise the model.,"Contact mode support, embodiment limits, and deployment perturbations.","Branch collapse, hidden-mode shift, and tail-risk planning failures.",Generic world models and generic uncertainty are crowded.,Adaptive impedance tokens keeps action-critical alternatives explicit until a physical observation collapses them.
44,doi:10.1007/s12555-020-0852-4,Learning-based Adaptive Optimal Impedance Control to Enhance Physical Human-robot Interaction Performance,2022,"International Journal of Control, Automation and Systems",https://doi.org/10.1007/s12555-020-0852-4,Addresses impedance control and robot foundation models or a neighboring robotics mechanism.,"Prior work usually predicts, ranks, filters, or imitates observed behavior rather than preserving unrealized branches.",The observed outcome is enough to supervise the model.,"Contact mode support, embodiment limits, and deployment perturbations.","Branch collapse, hidden-mode shift, and tail-risk planning failures.",Generic world models and generic uncertainty are crowded.,Adaptive impedance tokens keeps action-critical alternatives explicit until a physical observation collapses them.
45,doi:10.1177/02783649241249194,Unified force-impedance control,2024,The International Journal of Robotics Research,https://doi.org/10.1177/02783649241249194,Addresses impedance control and robot foundation models or a neighboring robotics mechanism.,"Prior work usually predicts, ranks, filters, or imitates observed behavior rather than preserving unrealized branches.",The observed outcome is enough to supervise the model.,"Contact mode support, embodiment limits, and deployment perturbations.","Branch collapse, hidden-mode shift, and tail-risk planning failures.",Generic world models and generic uncertainty are crowded.,Adaptive impedance tokens keeps action-critical alternatives explicit until a physical observation collapses them.
46,doi:10.1080/01691864.2014.1002529,Nonlinear robust adaptive Cartesian impedance control of UAVs equipped with a robot manipulator,2015,Advanced Robotics,https://doi.org/10.1080/01691864.2014.1002529,Addresses impedance control and robot foundation models or a neighboring robotics mechanism.,"Prior work usually predicts, ranks, filters, or imitates observed behavior rather than preserving unrealized branches.",The observed outcome is enough to supervise the model.,"Contact mode support, embodiment limits, and deployment perturbations.","Branch collapse, hidden-mode shift, and tail-risk planning failures.",Generic world models and generic uncertainty are crowded.,Adaptive impedance tokens keeps action-critical alternatives explicit until a physical observation collapses them.
47,doi:10.64972/jaat.2026v4.111,Adaptive Nonlinear Model Predictive Control for Soft Robotics Applications,2026,Journal of Applied Automation Technologies,https://doi.org/10.64972/jaat.2026v4.111,Addresses impedance control and robot foundation models or a neighboring robotics mechanism.,"Prior work usually predicts, ranks, filters, or imitates observed behavior rather than preserving unrealized branches.",The observed outcome is enough to supervise the model.,"Contact mode support, embodiment limits, and deployment perturbations.","Branch collapse, hidden-mode shift, and tail-risk planning failures.",Generic world models and generic uncertainty are crowded.,Adaptive impedance tokens keeps action-critical alternatives explicit until a physical observation collapses them.
48,doi:10.1109/case59546.2024.10711346,Adaptive Incremental Hybrid Impedance Control for Robotic Garment Manipulation,2024,2024 IEEE 20th International Conference on Automation Science and Engineering (CASE),https://doi.org/10.1109/case59546.2024.10711346,Addresses impedance control and robot foundation models or a neighboring robotics mechanism.,"Prior work usually predicts, ranks, filters, or imitates observed behavior rather than preserving unrealized branches.",The observed outcome is enough to supervise the model.,"Contact mode support, embodiment limits, and deployment perturbations.","Branch collapse, hidden-mode shift, and tail-risk planning failures.",Generic world models and generic uncertainty are crowded.,Adaptive impedance tokens keeps action-critical alternatives explicit until a physical observation collapses them.
49,doi:10.1016/j.robot.2007.09.001,Bio-mimetic impedance control of robotic manipulator for dynamic contact tasks,2008,Robotics and Autonomous Systems,https://doi.org/10.1016/j.robot.2007.09.001,Addresses impedance control and robot foundation models or a neighboring robotics mechanism.,"Prior work usually predicts, ranks, filters, or imitates observed behavior rather than preserving unrealized branches.",The observed outcome is enough to supervise the model.,"Contact mode support, embodiment limits, and deployment perturbations.","Branch collapse, hidden-mode shift, and tail-risk planning failures.",Generic world models and generic uncertainty are crowded.,Adaptive impedance tokens keeps action-critical alternatives explicit until a physical observation collapses them.
50,doi:10.3390/robotics11040078,Parameter-Adaptive Event-Triggered Sliding Mode Control for a Mobile Robot,2022,Robotics,https://doi.org/10.3390/robotics11040078,Addresses impedance control and robot foundation models or a neighboring robotics mechanism.,"Prior work usually predicts, ranks, filters, or imitates observed behavior rather than preserving unrealized branches.",The observed outcome is enough to supervise the model.,"Contact mode support, embodiment limits, and deployment perturbations.","Branch collapse, hidden-mode shift, and tail-risk planning failures.",Generic world models and generic uncertainty are crowded.,Adaptive impedance tokens keeps action-critical alternatives explicit until a physical observation collapses them.
51,doi:10.1002/asjc.2542,Model‐free finite‐time terminal sliding mode control with a novel adaptive sliding mode observer of uncertain robot systems,2022,Asian Journal of Control,https://doi.org/10.1002/asjc.2542,Addresses impedance control and robot foundation models or a neighboring robotics mechanism.,"Prior work usually predicts, ranks, filters, or imitates observed behavior rather than preserving unrealized branches.",The observed outcome is enough to supervise the model.,"Contact mode support, embodiment limits, and deployment perturbations.","Branch collapse, hidden-mode shift, and tail-risk planning failures.",Generic world models and generic uncertainty are crowded.,Adaptive impedance tokens keeps action-critical alternatives explicit until a physical observation collapses them.
52,doi:10.1080/01691864.2014.985612,Adaptive impedance control of a variable stiffness actuator,2015,Advanced Robotics,https://doi.org/10.1080/01691864.2014.985612,Addresses impedance control and robot foundation models or a neighboring robotics mechanism.,"Prior work usually predicts, ranks, filters, or imitates observed behavior rather than preserving unrealized branches.",The observed outcome is enough to supervise the model.,"Contact mode support, embodiment limits, and deployment perturbations.","Branch collapse, hidden-mode shift, and tail-risk planning failures.",Generic world models and generic uncertainty are crowded.,Adaptive impedance tokens keeps action-critical alternatives explicit until a physical observation collapses them.
53,doi:10.1002/rcs.2469,Adaptive variable impedance position/force tracking control of fracture reduction robot,2023,The International Journal of Medical Robotics and Computer Assisted Surgery,https://doi.org/10.1002/rcs.2469,Addresses impedance control and robot foundation models or a neighboring robotics mechanism.,"Prior work usually predicts, ranks, filters, or imitates observed behavior rather than preserving unrealized branches.",The observed outcome is enough to supervise the model.,"Contact mode support, embodiment limits, and deployment perturbations.","Branch collapse, hidden-mode shift, and tail-risk planning failures.",Generic world models and generic uncertainty are crowded.,Adaptive impedance tokens keeps action-critical alternatives explicit until a physical observation collapses them.
54,doi:10.1108/ir-10-2023-0237,Adaptive variable impedance force/position hybrid control for large surface polishing,2024,Industrial Robot: the international journal of robotics research and application,https://doi.org/10.1108/ir-10-2023-0237,Addresses impedance control and robot foundation models or a neighboring robotics mechanism.,"Prior work usually predicts, ranks, filters, or imitates observed behavior rather than preserving unrealized branches.",The observed outcome is enough to supervise the model.,"Contact mode support, embodiment limits, and deployment perturbations.","Branch collapse, hidden-mode shift, and tail-risk planning failures.",Generic world models and generic uncertainty are crowded.,Adaptive impedance tokens keeps action-critical alternatives explicit until a physical observation collapses them.
55,doi:10.1017/s0263574723001601,Hybrid impedance and admittance control for optimal robot–environment interaction,2024,Robotica,https://doi.org/10.1017/s0263574723001601,Addresses impedance control and robot foundation models or a neighboring robotics mechanism.,"Prior work usually predicts, ranks, filters, or imitates observed behavior rather than preserving unrealized branches.",The observed outcome is enough to supervise the model.,"Contact mode support, embodiment limits, and deployment perturbations.","Branch collapse, hidden-mode shift, and tail-risk planning failures.",Generic world models and generic uncertainty are crowded.,Adaptive impedance tokens keeps action-critical alternatives explicit until a physical observation collapses them.
56,doi:10.1109/icra.2011.5980070,Motion learning and adaptive impedance for robot control during physical interaction with humans,2011,2011 IEEE International Conference on Robotics and Automation,https://doi.org/10.1109/icra.2011.5980070,Addresses impedance control and robot foundation models or a neighboring robotics mechanism.,"Prior work usually predicts, ranks, filters, or imitates observed behavior rather than preserving unrealized branches.",The observed outcome is enough to supervise the model.,"Contact mode support, embodiment limits, and deployment perturbations.","Branch collapse, hidden-mode shift, and tail-risk planning failures.",Generic world models and generic uncertainty are crowded.,Adaptive impedance tokens keeps action-critical alternatives explicit until a physical observation collapses them.
57,doi:10.1109/icma.2015.7237767,Adaptive hybrid impedance control of robot manipulators with robustness against environment's uncertainties,2015,2015 IEEE International Conference on Mechatronics and Automation (ICMA),https://doi.org/10.1109/icma.2015.7237767,Addresses impedance control and robot foundation models or a neighboring robotics mechanism.,"Prior work usually predicts, ranks, filters, or imitates observed behavior rather than preserving unrealized branches.",The observed outcome is enough to supervise the model.,"Contact mode support, embodiment limits, and deployment perturbations.","Branch collapse, hidden-mode shift, and tail-risk planning failures.",Generic world models and generic uncertainty are crowded.,Adaptive impedance tokens keeps action-critical alternatives explicit until a physical observation collapses them.
58,doi:10.1109/jrfid.2024.3355214,Adaptive Variable Universe Fuzzy Sliding-Mode Control for Robot Manipulators With Model Uncertainty,2024,IEEE Journal of Radio Frequency Identification,https://doi.org/10.1109/jrfid.2024.3355214,Addresses impedance control and robot foundation models or a neighboring robotics mechanism.,"Prior work usually predicts, ranks, filters, or imitates observed behavior rather than preserving unrealized branches.",The observed outcome is enough to supervise the model.,"Contact mode support, embodiment limits, and deployment perturbations.","Branch collapse, hidden-mode shift, and tail-risk planning failures.",Generic world models and generic uncertainty are crowded.,Adaptive impedance tokens keeps action-critical alternatives explicit until a physical observation collapses them.
59,doi:10.11591/ijece.v13i4.pp3939-3947,Adaptive sliding mode control for uncertain wheel mobile robot,2023,International Journal of Electrical and Computer Engineering (IJECE),https://doi.org/10.11591/ijece.v13i4.pp3939-3947,Addresses impedance control and robot foundation models or a neighboring robotics mechanism.,"Prior work usually predicts, ranks, filters, or imitates observed behavior rather than preserving unrealized branches.",The observed outcome is enough to supervise the model.,"Contact mode support, embodiment limits, and deployment perturbations.","Branch collapse, hidden-mode shift, and tail-risk planning failures.",Generic world models and generic uncertainty are crowded.,Adaptive impedance tokens keeps action-critical alternatives explicit until a physical observation collapses them.
60,doi:10.1109/icra46639.2022.9811957,Real-Time Multi-Contact Model Predictive Control via ADMM,2022,2022 International Conference on Robotics and Automation (ICRA),https://doi.org/10.1109/icra46639.2022.9811957,Addresses impedance control and robot foundation models or a neighboring robotics mechanism.,"Prior work usually predicts, ranks, filters, or imitates observed behavior rather than preserving unrealized branches.",The observed outcome is enough to supervise the model.,"Contact mode support, embodiment limits, and deployment perturbations.","Branch collapse, hidden-mode shift, and tail-risk planning failures.",Generic world models and generic uncertainty are crowded.,Adaptive impedance tokens keeps action-critical alternatives explicit until a physical observation collapses them.
61,doi:10.3390/app151810101,Adaptive Time Delay Impedance Control of Robot Manipulator via Voltage-Based Motor Control,2025,Applied Sciences,https://doi.org/10.3390/app151810101,Addresses impedance control and robot foundation models or a neighboring robotics mechanism.,"Prior work usually predicts, ranks, filters, or imitates observed behavior rather than preserving unrealized branches.",The observed outcome is enough to supervise the model.,"Contact mode support, embodiment limits, and deployment perturbations.","Branch collapse, hidden-mode shift, and tail-risk planning failures.",Generic world models and generic uncertainty are crowded.,Adaptive impedance tokens keeps action-critical alternatives explicit until a physical observation collapses them.
62,doi:10.1108/ir-04-2025-0131,Interaction force control for robotic manipulators in contact tasks via prescribed performance-enhanced impedance regulation,2026,Industrial Robot: the international journal of robotics research and application,https://doi.org/10.1108/ir-04-2025-0131,Addresses impedance control and robot foundation models or a neighboring robotics mechanism.,"Prior work usually predicts, ranks, filters, or imitates observed behavior rather than preserving unrealized branches.",The observed outcome is enough to supervise the model.,"Contact mode support, embodiment limits, and deployment perturbations.","Branch collapse, hidden-mode shift, and tail-risk planning failures.",Generic world models and generic uncertainty are crowded.,Adaptive impedance tokens keeps action-critical alternatives explicit until a physical observation collapses them.
63,doi:10.3390/machines12030205,Adaptive Sliding Mode Resilient Control of Multi-Robot Systems with a Leader–Follower Model under Byzantine Attacks in the Context of the Industrial Internet of Things,2024,Machines,https://doi.org/10.3390/machines12030205,Addresses impedance control and robot foundation models or a neighboring robotics mechanism.,"Prior work usually predicts, ranks, filters, or imitates observed behavior rather than preserving unrealized branches.",The observed outcome is enough to supervise the model.,"Contact mode support, embodiment limits, and deployment perturbations.","Branch collapse, hidden-mode shift, and tail-risk planning failures.",Generic world models and generic uncertainty are crowded.,Adaptive impedance tokens keeps action-critical alternatives explicit until a physical observation collapses them.
64,doi:10.1017/s0263574704000190,Adaptive Impedance Control of Robot Manipulators based on Function Approximation Technique,2004,Robotica,https://doi.org/10.1017/s0263574704000190,Addresses impedance control and robot foundation models or a neighboring robotics mechanism.,"Prior work usually predicts, ranks, filters, or imitates observed behavior rather than preserving unrealized branches.",The observed outcome is enough to supervise the model.,"Contact mode support, embodiment limits, and deployment perturbations.","Branch collapse, hidden-mode shift, and tail-risk planning failures.",Generic world models and generic uncertainty are crowded.,Adaptive impedance tokens keeps action-critical alternatives explicit until a physical observation collapses them.
65,doi:10.3390/aerospace13060509,Fixed-Time Adaptive Sliding Mode Disturbance Observer-Based Nonsingular Fixed-Time Terminal Sliding Mode Control for Uncertain Space Robot with External Disturbance,2026,Aerospace,https://doi.org/10.3390/aerospace13060509,Addresses impedance control and robot foundation models or a neighboring robotics mechanism.,"Prior work usually predicts, ranks, filters, or imitates observed behavior rather than preserving unrealized branches.",The observed outcome is enough to supervise the model.,"Contact mode support, embodiment limits, and deployment perturbations.","Branch collapse, hidden-mode shift, and tail-risk planning failures.",Generic world models and generic uncertainty are crowded.,Adaptive impedance tokens keeps action-critical alternatives explicit until a physical observation collapses them.
66,doi:10.3389/frobt.2026.1746577,Fast reprogramming and adaptive reproduction of contact-rich assembly,2026,Frontiers in Robotics and AI,https://doi.org/10.3389/frobt.2026.1746577,Addresses impedance control and robot foundation models or a neighboring robotics mechanism.,"Prior work usually predicts, ranks, filters, or imitates observed behavior rather than preserving unrealized branches.",The observed outcome is enough to supervise the model.,"Contact mode support, embodiment limits, and deployment perturbations.","Branch collapse, hidden-mode shift, and tail-risk planning failures.",Generic world models and generic uncertainty are crowded.,Adaptive impedance tokens keeps action-critical alternatives explicit until a physical observation collapses them.
67,doi:10.1177/00368504241286381,Sliding mode control with self-adaptive parameters of a 5-DOF hybrid robot,2024,Science Progress,https://doi.org/10.1177/00368504241286381,Addresses impedance control and robot foundation models or a neighboring robotics mechanism.,"Prior work usually predicts, ranks, filters, or imitates observed behavior rather than preserving unrealized branches.",The observed outcome is enough to supervise the model.,"Contact mode support, embodiment limits, and deployment perturbations.","Branch collapse, hidden-mode shift, and tail-risk planning failures.",Generic world models and generic uncertainty are crowded.,Adaptive impedance tokens keeps action-critical alternatives explicit until a physical observation collapses them.
68,doi:10.1115/1.4036560,Adaptive Impedance Control of Parallel Ankle Rehabilitation Robot,2017,Journal of Dynamic Systems Measurement and Control,https://doi.org/10.1115/1.4036560,Addresses impedance control and robot foundation models or a neighboring robotics mechanism.,"Prior work usually predicts, ranks, filters, or imitates observed behavior rather than preserving unrealized branches.",The observed outcome is enough to supervise the model.,"Contact mode support, embodiment limits, and deployment perturbations.","Branch collapse, hidden-mode shift, and tail-risk planning failures.",Generic world models and generic uncertainty are crowded.,Adaptive impedance tokens keeps action-critical alternatives explicit until a physical observation collapses them.
69,doi:10.1115/1.4054593,Adaptive Uncertainty Estimator-Based Sliding Mode Control for a Spherical Robot: Methodology and Verification,2022,Journal of Computational and Nonlinear Dynamics,https://doi.org/10.1115/1.4054593,Addresses impedance control and robot foundation models or a neighboring robotics mechanism.,"Prior work usually predicts, ranks, filters, or imitates observed behavior rather than preserving unrealized branches.",The observed outcome is enough to supervise the model.,"Contact mode support, embodiment limits, and deployment perturbations.","Branch collapse, hidden-mode shift, and tail-risk planning failures.",Generic world models and generic uncertainty are crowded.,Adaptive impedance tokens keeps action-critical alternatives explicit until a physical observation collapses them.
70,doi:10.11591/ijpeds.v14.i4.pp2546-2556,Adaptive control based neural network sliding mode approach for two links robot,2023,International Journal of Power Electronics and Drive Systems (IJPEDS),https://doi.org/10.11591/ijpeds.v14.i4.pp2546-2556,Addresses impedance control and robot foundation models or a neighboring robotics mechanism.,"Prior work usually predicts, ranks, filters, or imitates observed behavior rather than preserving unrealized branches.",The observed outcome is enough to supervise the model.,"Contact mode support, embodiment limits, and deployment perturbations.","Branch collapse, hidden-mode shift, and tail-risk planning failures.",Generic world models and generic uncertainty are crowded.,Adaptive impedance tokens keeps action-critical alternatives explicit until a physical observation collapses them.
71,doi:10.31763/ijrcs.v5i3.1950,Artificial Intelligence-Enhanced Sensorless Vector Control of Induction Motors Using Adaptive Neuro-Fuzzy Systems: Experimental Validation and Benchmark Analysis,2025,International Journal of Robotics and Control Systems,https://doi.org/10.31763/ijrcs.v5i3.1950,Addresses impedance control and robot foundation models or a neighboring robotics mechanism.,"Prior work usually predicts, ranks, filters, or imitates observed behavior rather than preserving unrealized branches.",The observed outcome is enough to supervise the model.,"Contact mode support, embodiment limits, and deployment perturbations.","Branch collapse, hidden-mode shift, and tail-risk planning failures.",Generic world models and generic uncertainty are crowded.,Adaptive impedance tokens keeps action-critical alternatives explicit until a physical observation collapses them.
72,doi:10.1109/ieeeconf38699.2020.9389203,Fuzzy Adaptive Impedance Control for Deep-Sea Hydraulic Manipulator Grasping Under Uncertainties,2020,Global Oceans 2020: Singapore – U.S. Gulf Coast,https://doi.org/10.1109/ieeeconf38699.2020.9389203,Addresses impedance control and robot foundation models or a neighboring robotics mechanism.,"Prior work usually predicts, ranks, filters, or imitates observed behavior rather than preserving unrealized branches.",The observed outcome is enough to supervise the model.,"Contact mode support, embodiment limits, and deployment perturbations.","Branch collapse, hidden-mode shift, and tail-risk planning failures.",Generic world models and generic uncertainty are crowded.,Adaptive impedance tokens keeps action-critical alternatives explicit until a physical observation collapses them.
73,doi:10.1142/s0219843611002605,EXPERIMENTAL EVALUATION OF CARTESIAN AND JOINT IMPEDANCE CONTROL WITH ADAPTIVE FRICTION COMPENSATION FOR THE DEXTEROUS ROBOT HAND DLR-HIT II,2011,International Journal of Humanoid Robotics,https://doi.org/10.1142/s0219843611002605,Addresses impedance control and robot foundation models or a neighboring robotics mechanism.,"Prior work usually predicts, ranks, filters, or imitates observed behavior rather than preserving unrealized branches.",The observed outcome is enough to supervise the model.,"Contact mode support, embodiment limits, and deployment perturbations.","Branch collapse, hidden-mode shift, and tail-risk planning failures.",Generic world models and generic uncertainty are crowded.,Adaptive impedance tokens keeps action-critical alternatives explicit until a physical observation collapses them.
74,doi:10.1016/j.mechmachtheory.2009.08.003,Adaptive sliding mode control with uncertainty estimator for robot manipulators,2010,Mechanism and Machine Theory,https://doi.org/10.1016/j.mechmachtheory.2009.08.003,Addresses impedance control and robot foundation models or a neighboring robotics mechanism.,"Prior work usually predicts, ranks, filters, or imitates observed behavior rather than preserving unrealized branches.",The observed outcome is enough to supervise the model.,"Contact mode support, embodiment limits, and deployment perturbations.","Branch collapse, hidden-mode shift, and tail-risk planning failures.",Generic world models and generic uncertainty are crowded.,Adaptive impedance tokens keeps action-critical alternatives explicit until a physical observation collapses them.
75,doi:10.1109/tnnls.2017.2665581,Adaptive Fuzzy Neural Network Control for a Constrained Robot Using Impedance Learning,2018,IEEE Transactions on Neural Networks and Learning Systems,https://doi.org/10.1109/tnnls.2017.2665581,Addresses impedance control and robot foundation models or a neighboring robotics mechanism.,"Prior work usually predicts, ranks, filters, or imitates observed behavior rather than preserving unrealized branches.",The observed outcome is enough to supervise the model.,"Contact mode support, embodiment limits, and deployment perturbations.","Branch collapse, hidden-mode shift, and tail-risk planning failures.",Generic world models and generic uncertainty are crowded.,Adaptive impedance tokens keeps action-critical alternatives explicit until a physical observation collapses them.
76,doi:10.1002/rnc.4880,High‐gain nonlinear observer‐based impedance control for deformable object cooperative teleoperation with nonlinear contact model,2020,International Journal of Robust and Nonlinear Control,https://doi.org/10.1002/rnc.4880,Addresses impedance control and robot foundation models or a neighboring robotics mechanism.,"Prior work usually predicts, ranks, filters, or imitates observed behavior rather than preserving unrealized branches.",The observed outcome is enough to supervise the model.,"Contact mode support, embodiment limits, and deployment perturbations.","Branch collapse, hidden-mode shift, and tail-risk planning failures.",Generic world models and generic uncertainty are crowded.,Adaptive impedance tokens keeps action-critical alternatives explicit until a physical observation collapses them.
77,doi:10.1007/s10846-017-0732-1,Adaptive Hybrid System Framework for Unified Impedance and Admittance Control,2018,Journal of Intelligent & Robotic Systems,https://doi.org/10.1007/s10846-017-0732-1,Addresses impedance control and robot foundation models or a neighboring robotics mechanism.,"Prior work usually predicts, ranks, filters, or imitates observed behavior rather than preserving unrealized branches.",The observed outcome is enough to supervise the model.,"Contact mode support, embodiment limits, and deployment perturbations.","Branch collapse, hidden-mode shift, and tail-risk planning failures.",Generic world models and generic uncertainty are crowded.,Adaptive impedance tokens keeps action-critical alternatives explicit until a physical observation collapses them.
78,doi:10.1016/j.isatra.2021.03.035,Adaptive fractional-order non-singular terminal sliding mode control based on fuzzy wavelet neural networks for omnidirectional mobile robot manipulator,2022,ISA Transactions,https://doi.org/10.1016/j.isatra.2021.03.035,Addresses impedance control and robot foundation models or a neighboring robotics mechanism.,"Prior work usually predicts, ranks, filters, or imitates observed behavior rather than preserving unrealized branches.",The observed outcome is enough to supervise the model.,"Contact mode support, embodiment limits, and deployment perturbations.","Branch collapse, hidden-mode shift, and tail-risk planning failures.",Generic world models and generic uncertainty are crowded.,Adaptive impedance tokens keeps action-critical alternatives explicit until a physical observation collapses them.
79,doi:10.1038/s41598-023-27633-0,Adaptive nonsingular terminal sliding mode control of robot manipulator based on contour error compensation,2023,Scientific Reports,https://doi.org/10.1038/s41598-023-27633-0,Addresses impedance control and robot foundation models or a neighboring robotics mechanism.,"Prior work usually predicts, ranks, filters, or imitates observed behavior rather than preserving unrealized branches.",The observed outcome is enough to supervise the model.,"Contact mode support, embodiment limits, and deployment perturbations.","Branch collapse, hidden-mode shift, and tail-risk planning failures.",Generic world models and generic uncertainty are crowded.,Adaptive impedance tokens keeps action-critical alternatives explicit until a physical observation collapses them.
80,doi:10.1038/s41598-024-79606-6,Sensorless contact force estimation and robust impedance control for a quadrotor manipulation system,2024,Scientific Reports,https://doi.org/10.1038/s41598-024-79606-6,Addresses impedance control and robot foundation models or a neighboring robotics mechanism.,"Prior work usually predicts, ranks, filters, or imitates observed behavior rather than preserving unrealized branches.",The observed outcome is enough to supervise the model.,"Contact mode support, embodiment limits, and deployment perturbations.","Branch collapse, hidden-mode shift, and tail-risk planning failures.",Generic world models and generic uncertainty are crowded.,Adaptive impedance tokens keeps action-critical alternatives explicit until a physical observation collapses them.
81,doi:10.3390/electronics10020212,Adaptive Sliding Mode Neural Network Control and Flexible Vibration Suppression of a Flexible Spatial Parallel Robot,2021,Electronics,https://doi.org/10.3390/electronics10020212,Addresses impedance control and robot foundation models or a neighboring robotics mechanism.,"Prior work usually predicts, ranks, filters, or imitates observed behavior rather than preserving unrealized branches.",The observed outcome is enough to supervise the model.,"Contact mode support, embodiment limits, and deployment perturbations.","Branch collapse, hidden-mode shift, and tail-risk planning failures.",Generic world models and generic uncertainty are crowded.,Adaptive impedance tokens keeps action-critical alternatives explicit until a physical observation collapses them.
82,doi:10.1016/j.isatra.2023.10.029,Position-based visual servoing of a 6-RSS parallel robot using adaptive sliding mode control,2024,ISA Transactions,https://doi.org/10.1016/j.isatra.2023.10.029,Addresses impedance control and robot foundation models or a neighboring robotics mechanism.,"Prior work usually predicts, ranks, filters, or imitates observed behavior rather than preserving unrealized branches.",The observed outcome is enough to supervise the model.,"Contact mode support, embodiment limits, and deployment perturbations.","Branch collapse, hidden-mode shift, and tail-risk planning failures.",Generic world models and generic uncertainty are crowded.,Adaptive impedance tokens keeps action-critical alternatives explicit until a physical observation collapses them.
83,doi:10.1080/21642583.2017.1347532,Adaptive impedance control of robot manipulators based on Q-learning and disturbance observer,2017,Systems Science & Control Engineering,https://doi.org/10.1080/21642583.2017.1347532,Addresses impedance control and robot foundation models or a neighboring robotics mechanism.,"Prior work usually predicts, ranks, filters, or imitates observed behavior rather than preserving unrealized branches.",The observed outcome is enough to supervise the model.,"Contact mode support, embodiment limits, and deployment perturbations.","Branch collapse, hidden-mode shift, and tail-risk planning failures.",Generic world models and generic uncertainty are crowded.,Adaptive impedance tokens keeps action-critical alternatives explicit until a physical observation collapses them.
84,doi:10.3390/app13137423,Adaptive Synchronization Sliding Mode Control for an Uncertain Dual-Arm Robot with Unknown Control Direction,2023,Applied Sciences,https://doi.org/10.3390/app13137423,Addresses impedance control and robot foundation models or a neighboring robotics mechanism.,"Prior work usually predicts, ranks, filters, or imitates observed behavior rather than preserving unrealized branches.",The observed outcome is enough to supervise the model.,"Contact mode support, embodiment limits, and deployment perturbations.","Branch collapse, hidden-mode shift, and tail-risk planning failures.",Generic world models and generic uncertainty are crowded.,Adaptive impedance tokens keeps action-critical alternatives explicit until a physical observation collapses them.
85,doi:10.1063/5.0037054,Model-free adaptive sliding mode control with adjustable funnel boundary for robot manipulators with uncertainties,2021,Review of Scientific Instruments,https://doi.org/10.1063/5.0037054,Addresses impedance control and robot foundation models or a neighboring robotics mechanism.,"Prior work usually predicts, ranks, filters, or imitates observed behavior rather than preserving unrealized branches.",The observed outcome is enough to supervise the model.,"Contact mode support, embodiment limits, and deployment perturbations.","Branch collapse, hidden-mode shift, and tail-risk planning failures.",Generic world models and generic uncertainty are crowded.,Adaptive impedance tokens keeps action-critical alternatives explicit until a physical observation collapses them.
86,doi:10.3390/act15020116,Risk-Aware Adaptive Safety Margins for Model Predictive Control with Orientation–Motion Coupled Barrier Functions in Dynamic Environments,2026,Actuators,https://doi.org/10.3390/act15020116,Addresses impedance control and robot foundation models or a neighboring robotics mechanism.,"Prior work usually predicts, ranks, filters, or imitates observed behavior rather than preserving unrealized branches.",The observed outcome is enough to supervise the model.,"Contact mode support, embodiment limits, and deployment perturbations.","Branch collapse, hidden-mode shift, and tail-risk planning failures.",Generic world models and generic uncertainty are crowded.,Adaptive impedance tokens keeps action-critical alternatives explicit until a physical observation collapses them.
87,doi:10.1109/icra55743.2025.11127605,Reduced-Order Model Guided Contact-Implicit Model Predictive Control for Humanoid Locomotion,2025,2025 IEEE International Conference on Robotics and Automation (ICRA),https://doi.org/10.1109/icra55743.2025.11127605,Addresses impedance control and robot foundation models or a neighboring robotics mechanism.,"Prior work usually predicts, ranks, filters, or imitates observed behavior rather than preserving unrealized branches.",The observed outcome is enough to supervise the model.,"Contact mode support, embodiment limits, and deployment perturbations.","Branch collapse, hidden-mode shift, and tail-risk planning failures.",Generic world models and generic uncertainty are crowded.,Adaptive impedance tokens keeps action-critical alternatives explicit until a physical observation collapses them.
88,doi:10.1109/tmech.2024.3376358,Physical Human–Robot Interaction Based on Adaptive Impedance Control for Robotic-Assisted Total Hip Arthroplasty,2024,IEEE/ASME Transactions on Mechatronics,https://doi.org/10.1109/tmech.2024.3376358,Addresses impedance control and robot foundation models or a neighboring robotics mechanism.,"Prior work usually predicts, ranks, filters, or imitates observed behavior rather than preserving unrealized branches.",The observed outcome is enough to supervise the model.,"Contact mode support, embodiment limits, and deployment perturbations.","Branch collapse, hidden-mode shift, and tail-risk planning failures.",Generic world models and generic uncertainty are crowded.,Adaptive impedance tokens keeps action-critical alternatives explicit until a physical observation collapses them.
89,doi:10.3390/electronics12183856,Adaptive Fast-Terminal Neuro-Sliding Mode Control for Robot Manipulators with Unknown Dynamics and Disturbances,2023,Electronics,https://doi.org/10.3390/electronics12183856,Addresses impedance control and robot foundation models or a neighboring robotics mechanism.,"Prior work usually predicts, ranks, filters, or imitates observed behavior rather than preserving unrealized branches.",The observed outcome is enough to supervise the model.,"Contact mode support, embodiment limits, and deployment perturbations.","Branch collapse, hidden-mode shift, and tail-risk planning failures.",Generic world models and generic uncertainty are crowded.,Adaptive impedance tokens keeps action-critical alternatives explicit until a physical observation collapses them.
90,doi:10.1109/tnnls.2024.3478215,Distributed Neural Adaptive Impedance Control for Cooperative Manipulation With Unknown Objects,2025,IEEE Transactions on Neural Networks and Learning Systems,https://doi.org/10.1109/tnnls.2024.3478215,Addresses impedance control and robot foundation models or a neighboring robotics mechanism.,"Prior work usually predicts, ranks, filters, or imitates observed behavior rather than preserving unrealized branches.",The observed outcome is enough to supervise the model.,"Contact mode support, embodiment limits, and deployment perturbations.","Branch collapse, hidden-mode shift, and tail-risk planning failures.",Generic world models and generic uncertainty are crowded.,Adaptive impedance tokens keeps action-critical alternatives explicit until a physical observation collapses them.
91,doi:10.3389/frobt.2025.1665267,A learning based impedance control strategy implemented on a soft prosthetic wrist in joint-space,2025,Frontiers in Robotics and AI,https://doi.org/10.3389/frobt.2025.1665267,Addresses impedance control and robot foundation models or a neighboring robotics mechanism.,"Prior work usually predicts, ranks, filters, or imitates observed behavior rather than preserving unrealized branches.",The observed outcome is enough to supervise the model.,"Contact mode support, embodiment limits, and deployment perturbations.","Branch collapse, hidden-mode shift, and tail-risk planning failures.",Generic world models and generic uncertainty are crowded.,Adaptive impedance tokens keeps action-critical alternatives explicit until a physical observation collapses them.
92,doi:10.1109/tie.2016.2538741,Adaptive Impedance Control for an Upper Limb Robotic Exoskeleton Using Biological Signals,2016,IEEE Transactions on Industrial Electronics,https://doi.org/10.1109/tie.2016.2538741,Addresses impedance control and robot foundation models or a neighboring robotics mechanism.,"Prior work usually predicts, ranks, filters, or imitates observed behavior rather than preserving unrealized branches.",The observed outcome is enough to supervise the model.,"Contact mode support, embodiment limits, and deployment perturbations.","Branch collapse, hidden-mode shift, and tail-risk planning failures.",Generic world models and generic uncertainty are crowded.,Adaptive impedance tokens keeps action-critical alternatives explicit until a physical observation collapses them.
93,doi:10.2478/amcs-2018-0027,Adaptive Impedance Control of Robot Manipulators with Parametric Uncertainty for Constrained Path–Tracking,2018,International Journal of Applied Mathematics and Computer Science,https://doi.org/10.2478/amcs-2018-0027,Addresses impedance control and robot foundation models or a neighboring robotics mechanism.,"Prior work usually predicts, ranks, filters, or imitates observed behavior rather than preserving unrealized branches.",The observed outcome is enough to supervise the model.,"Contact mode support, embodiment limits, and deployment perturbations.","Branch collapse, hidden-mode shift, and tail-risk planning failures.",Generic world models and generic uncertainty are crowded.,Adaptive impedance tokens keeps action-critical alternatives explicit until a physical observation collapses them.
94,doi:10.1109/tmech.2013.2276935,Adaptive Energy-Bounding Approach for Robustly Stable Interaction Control of Impedance-Controlled Industrial Robot With Uncertain Environments,2013,IEEE/ASME Transactions on Mechatronics,https://doi.org/10.1109/tmech.2013.2276935,Addresses impedance control and robot foundation models or a neighboring robotics mechanism.,"Prior work usually predicts, ranks, filters, or imitates observed behavior rather than preserving unrealized branches.",The observed outcome is enough to supervise the model.,"Contact mode support, embodiment limits, and deployment perturbations.","Branch collapse, hidden-mode shift, and tail-risk planning failures.",Generic world models and generic uncertainty are crowded.,Adaptive impedance tokens keeps action-critical alternatives explicit until a physical observation collapses them.
95,doi:10.3390/act12010038,Target Tracking of Snake Robot with Double-Sine Serpentine Gait Based on Adaptive Sliding Mode Control,2023,Actuators,https://doi.org/10.3390/act12010038,Addresses impedance control and robot foundation models or a neighboring robotics mechanism.,"Prior work usually predicts, ranks, filters, or imitates observed behavior rather than preserving unrealized branches.",The observed outcome is enough to supervise the model.,"Contact mode support, embodiment limits, and deployment perturbations.","Branch collapse, hidden-mode shift, and tail-risk planning failures.",Generic world models and generic uncertainty are crowded.,Adaptive impedance tokens keeps action-critical alternatives explicit until a physical observation collapses them.
96,doi:10.1016/j.asej.2023.102284,An adaptive continuous sliding mode feedback linearization task space control for robot manipulators,2024,Ain Shams Engineering Journal,https://doi.org/10.1016/j.asej.2023.102284,Addresses impedance control and robot foundation models or a neighboring robotics mechanism.,"Prior work usually predicts, ranks, filters, or imitates observed behavior rather than preserving unrealized branches.",The observed outcome is enough to supervise the model.,"Contact mode support, embodiment limits, and deployment perturbations.","Branch collapse, hidden-mode shift, and tail-risk planning failures.",Generic world models and generic uncertainty are crowded.,Adaptive impedance tokens keeps action-critical alternatives explicit until a physical observation collapses them.
97,doi:10.1126/scirobotics.aec1481,RAPTOR: A foundation policy for quadrotor control,2026,Science Robotics,https://doi.org/10.1126/scirobotics.aec1481,Addresses impedance control and robot foundation models or a neighboring robotics mechanism.,"Prior work usually predicts, ranks, filters, or imitates observed behavior rather than preserving unrealized branches.",The observed outcome is enough to supervise the model.,"Contact mode support, embodiment limits, and deployment perturbations.","Branch collapse, hidden-mode shift, and tail-risk planning failures.",Generic world models and generic uncertainty are crowded.,Adaptive impedance tokens keeps action-critical alternatives explicit until a physical observation collapses them.
98,doi:10.5194/egusphere-egu26-21700,Segmentation Model Benchmarking: A Strategic Prerequisite for Robust Geospatial Foundation Models,,,https://doi.org/10.5194/egusphere-egu26-21700,Addresses impedance control and robot foundation models or a neighboring robotics mechanism.,"Prior work usually predicts, ranks, filters, or imitates observed behavior rather than preserving unrealized branches.",The observed outcome is enough to supervise the model.,"Contact mode support, embodiment limits, and deployment perturbations.","Branch collapse, hidden-mode shift, and tail-risk planning failures.",Generic world models and generic uncertainty are crowded.,Adaptive impedance tokens keeps action-critical alternatives explicit until a physical observation collapses them.
99,doi:10.1088/1402-4896/adde8d,Distributed adaptive integral sliding mode affine formation control of multi-robot systems with event-triggered mechanism,2025,Physica Scripta,https://doi.org/10.1088/1402-4896/adde8d,Addresses impedance control and robot foundation models or a neighboring robotics mechanism.,"Prior work usually predicts, ranks, filters, or imitates observed behavior rather than preserving unrealized branches.",The observed outcome is enough to supervise the model.,"Contact mode support, embodiment limits, and deployment perturbations.","Branch collapse, hidden-mode shift, and tail-risk planning failures.",Generic world models and generic uncertainty are crowded.,Adaptive impedance tokens keeps action-critical alternatives explicit until a physical observation collapses them.
100,doi:10.4028/www.scientific.net/amm.672-674.1770,Impedance Control Based Sliding Mode for Lower Limb Rehabilitation Robot,2014,Applied Mechanics and Materials,https://doi.org/10.4028/www.scientific.net/amm.672-674.1770,Addresses impedance control and robot foundation models or a neighboring robotics mechanism.,"Prior work usually predicts, ranks, filters, or imitates observed behavior rather than preserving unrealized branches.",The observed outcome is enough to supervise the model.,"Contact mode support, embodiment limits, and deployment perturbations.","Branch collapse, hidden-mode shift, and tail-risk planning failures.",Generic world models and generic uncertainty are crowded.,Adaptive impedance tokens keeps action-critical alternatives explicit until a physical observation collapses them.
